id,name,model_id:id,group_id:id,perm_read,perm_write,perm_create,perm_unlink
access_pos_order_readonly,POS order readonly,point_of_sale.model_pos_order,ferreteria_user_scope_ferre.group_pos_readonly,1,0,0,0
access_pos_order_line_readonly,POS order line readonly,point_of_sale.model_pos_order_line,ferreteria_user_scope_ferre.group_pos_readonly,1,0,0,0
access_pos_payment_readonly,POS payment readonly,point_of_sale.model_pos_payment,ferreteria_user_scope_ferre.group_pos_readonly,1,0,0,0
access_pos_session_readonly,POS session readonly,point_of_sale.model_pos_session,ferreteria_user_scope_ferre.group_pos_readonly,1,0,0,0
access_pos_config_readonly,POS config readonly,point_of_sale.model_pos_config,ferreteria_user_scope_ferre.group_pos_readonly,1,0,0,0
access_pos_payment_method_readonly,POS payment method readonly,point_of_sale.model_pos_payment_method,ferreteria_user_scope_ferre.group_pos_readonly,1,0,0,0
access_report_pos_order_readonly,POS report readonly,point_of_sale.model_report_pos_order,ferreteria_user_scope_ferre.group_pos_readonly,1,0,0,0
access_pos_category_readonly,POS category readonly,point_of_sale.model_pos_category,ferreteria_user_scope_ferre.group_pos_readonly,1,0,0,0
access_account_journal_pos_readonly,POS journal readonly,account.model_account_journal,ferreteria_user_scope_ferre.group_pos_readonly,1,0,0,0
access_product_product_pos_readonly,POS product readonly,product.model_product_product,ferreteria_user_scope_ferre.group_pos_readonly,1,0,0,0
access_product_template_pos_readonly,POS product template readonly,product.model_product_template,ferreteria_user_scope_ferre.group_pos_readonly,1,0,0,0
access_product_pricelist_pos_readonly,POS pricelist readonly,product.model_product_pricelist,ferreteria_user_scope_ferre.group_pos_readonly,1,0,0,0
access_stock_warehouse_pos_readonly,POS warehouse readonly,stock.model_stock_warehouse,ferreteria_user_scope_ferre.group_pos_readonly,1,0,0,0
